filename,source,pmcid,url,download_url,sha256,bytes,estimated_pages,estimated_image_xobjects,license,citation
PMC10758301-BJR-13-2046-3758.131.BJR-2023-0016.R2.PMC10758301.pdf,pmc_oa,PMC10758301,https://ftp.ncbi.nlm.nih.gov/pub/pmc/oa_pdf/00/c1/BJR-13-2046-3758.131.BJR-2023-0016.R2.PMC10758301.pdf,https://ftp.ncbi.nlm.nih.gov/pub/pmc/deprecated/oa_pdf/00/c1/BJR-13-2046-3758.131.BJR-2023-0016.R2.PMC10758301.pdf,37ae29d8c67427c0506fb9b72fcb078c4ed1337d23b169f2070cb880b0eb5557,7316669,15,10,CC BY-NC-ND,Bone Joint Res. 2024 Jan 2; 13(1):4-18
PMC10758307-trd-2023-0103.PMC10758307.pdf,pmc_oa,PMC10758307,https://ftp.ncbi.nlm.nih.gov/pub/pmc/oa_pdf/10/95/trd-2023-0103.PMC10758307.pdf,https://ftp.ncbi.nlm.nih.gov/pub/pmc/deprecated/oa_pdf/10/95/trd-2023-0103.PMC10758307.pdf,0087f8bd5a31f6ee79d0b3398ea9ab15233ea2e4b297dd2de33fd0f0f7dcff01,1068139,10,1,CC BY-NC,Tuberc Respir Dis (Seoul). 2024 Jan 29; 87(1):12-21
PMC10758703-main.PMC10758703.pdf,pmc_oa,PMC10758703,https://ftp.ncbi.nlm.nih.gov/pub/pmc/oa_pdf/da/36/main.PMC10758703.pdf,https://ftp.ncbi.nlm.nih.gov/pub/pmc/deprecated/oa_pdf/da/36/main.PMC10758703.pdf,19684836e40634f1fd375dadba3bd988077981d3defb1ccf5860cbf3a04e9b32,4165384,19,7,CC BY-NC-ND,eBioMedicine. 2023 Dec 12; 99:104894
PMC10758181-jhc-10-2383.PMC10758181.pdf,pmc_oa,PMC10758181,https://ftp.ncbi.nlm.nih.gov/pub/pmc/oa_pdf/b2/e7/jhc-10-2383.PMC10758181.pdf,https://ftp.ncbi.nlm.nih.gov/pub/pmc/deprecated/oa_pdf/b2/e7/jhc-10-2383.PMC10758181.pdf,358e20d7d16dd92991fb54ff949f00b2ecf2ea35d96801a12badde340d2fc887,14289110,13,10,CC BY-NC,J Hepatocell Carcinoma. 2023 Dec 28; 10:2383-2395
PMC10759034-RA-014-D3RA06091H.PMC10759034.pdf,pmc_oa,PMC10759034,https://ftp.ncbi.nlm.nih.gov/pub/pmc/oa_pdf/10/40/RA-014-D3RA06091H.PMC10759034.pdf,https://ftp.ncbi.nlm.nih.gov/pub/pmc/deprecated/oa_pdf/10/40/RA-014-D3RA06091H.PMC10759034.pdf,ef15a7ac60a6c8aab4d128f642bcc6e302dd621d3978ac35fb2c961db6b79bfc,2055695,13,19,CC BY-NC,RSC Adv.; 14(1):589-601
PMC10759043-RA-014-D3RA06323B.PMC10759043.pdf,pmc_oa,PMC10759043,https://ftp.ncbi.nlm.nih.gov/pub/pmc/oa_pdf/52/ef/RA-014-D3RA06323B.PMC10759043.pdf,https://ftp.ncbi.nlm.nih.gov/pub/pmc/deprecated/oa_pdf/52/ef/RA-014-D3RA06323B.PMC10759043.pdf,6ca295f8090058f743114883094e3c536aa9f68130b0cadbd33796a5c9f10ecd,6105553,14,10,CC BY-NC,RSC Adv.; 14(1):626-639
PMC10758781-main.PMC10758781.pdf,pmc_oa,PMC10758781,https://ftp.ncbi.nlm.nih.gov/pub/pmc/oa_pdf/4e/c3/main.PMC10758781.pdf,https://ftp.ncbi.nlm.nih.gov/pub/pmc/deprecated/oa_pdf/4e/c3/main.PMC10758781.pdf,f87c197fce9c8e44ea4b6f4eec0f97c9ac9bb14e21a27d299ec666d99f1bf11b,5924698,14,6,CC BY-NC-ND,Heliyon. 2023 Dec 8; 10(1):e23119
PMC10760357-KHVI_19_2273697.PMC10760357.pdf,pmc_oa,PMC10760357,https://ftp.ncbi.nlm.nih.gov/pub/pmc/oa_pdf/a4/10/KHVI_19_2273697.PMC10760357.pdf,https://ftp.ncbi.nlm.nih.gov/pub/pmc/deprecated/oa_pdf/a4/10/KHVI_19_2273697.PMC10760357.pdf,6e946e8699b134b5dc002b9367433b7bc36e68f578c7dc9c9471d26a155f604d,1112819,9,15,CC BY-NC,Hum Vaccin Immunother.; 19(3):2273697
PMC10759175-RA-014-D3RA07345A.PMC10759175.pdf,pmc_oa,PMC10759175,https://ftp.ncbi.nlm.nih.gov/pub/pmc/oa_pdf/0d/34/RA-014-D3RA07345A.PMC10759175.pdf,https://ftp.ncbi.nlm.nih.gov/pub/pmc/deprecated/oa_pdf/0d/34/RA-014-D3RA07345A.PMC10759175.pdf,4d13629eb7531310d94ebb7b66b25f3ba32cb1d01709cdf59f7c892ce6272574,2252264,15,15,CC BY-NC,RSC Adv.; 14(1):463-477
PMC10725158-pjm-72-4-pjm-2023-044.PMC10725158.pdf,pmc_oa,PMC10725158,https://ftp.ncbi.nlm.nih.gov/pub/pmc/oa_pdf/8a/b5/pjm-72-4-pjm-2023-044.PMC10725158.pdf,https://ftp.ncbi.nlm.nih.gov/pub/pmc/deprecated/oa_pdf/8a/b5/pjm-72-4-pjm-2023-044.PMC10725158.pdf,3003945e1feecc20587aab8f812b9b116df8a2ceba293d43b4c70aa2d91bb9f7,276778,9,7,CC BY-NC-ND,Pol J Microbiol.; 72(4):467-475
PMC10759114-bmjopen-2023-075740.PMC10759114.pdf,pmc_oa,PMC10759114,https://ftp.ncbi.nlm.nih.gov/pub/pmc/oa_pdf/a2/d4/bmjopen-2023-075740.PMC10759114.pdf,https://ftp.ncbi.nlm.nih.gov/pub/pmc/deprecated/oa_pdf/a2/d4/bmjopen-2023-075740.PMC10759114.pdf,896f6a59740b1ef24319f38a5b000c315457f23c105b27a993984b1af255844b,464936,10,1,CC BY-NC,BMJ Open. 2023 Dec 30; 13(12):e075740
PMC10758831-main.PMC10758831.pdf,pmc_oa,PMC10758831,https://ftp.ncbi.nlm.nih.gov/pub/pmc/oa_pdf/2e/31/main.PMC10758831.pdf,https://ftp.ncbi.nlm.nih.gov/pub/pmc/deprecated/oa_pdf/2e/31/main.PMC10758831.pdf,b6f511942abc3eab8c3bff85a98eb738b348a97da3f05ee0f656e360525afa75,5759641,12,7,CC BY-NC-ND,Heliyon. 2023 Dec 1; 10(1):e23167
PMC10758924-br-20-02-01707.PMC10758924.pdf,pmc_oa,PMC10758924,https://ftp.ncbi.nlm.nih.gov/pub/pmc/oa_pdf/17/82/br-20-02-01707.PMC10758924.pdf,https://ftp.ncbi.nlm.nih.gov/pub/pmc/deprecated/oa_pdf/17/82/br-20-02-01707.PMC10758924.pdf,57c08cba8d52e3e694b36acbff13d30298d81cdf3ea216fe2048549824b718a0,11712460,12,9,CC BY-NC-ND,Biomed Rep. 2023 Dec 8; 20(2):19
PMC10760317-KHVI_19_2270194.PMC10760317.pdf,pmc_oa,PMC10760317,https://ftp.ncbi.nlm.nih.gov/pub/pmc/oa_pdf/0f/56/KHVI_19_2270194.PMC10760317.pdf,https://ftp.ncbi.nlm.nih.gov/pub/pmc/deprecated/oa_pdf/0f/56/KHVI_19_2270194.PMC10760317.pdf,a94a70d08c690c4ad3ecf2c833dd096123dbed892e2d4cfbc9a663daa21881b7,7281187,11,9,CC BY-NC,Hum Vaccin Immunother.; 19(3):2270194
PMC10758819-main.PMC10758819.pdf,pmc_oa,PMC10758819,https://ftp.ncbi.nlm.nih.gov/pub/pmc/oa_pdf/9b/fb/main.PMC10758819.pdf,https://ftp.ncbi.nlm.nih.gov/pub/pmc/deprecated/oa_pdf/9b/fb/main.PMC10758819.pdf,3f9278c4a7a81b4d6d08ff161e475d76f66d942d0b7335e59b84ef4e4a237522,643319,8,2,CC BY-NC-ND,Heliyon. 2023 Dec 8; 10(1):e23433
PMC10759080-bmjoq-2023-002466.PMC10759080.pdf,pmc_oa,PMC10759080,https://ftp.ncbi.nlm.nih.gov/pub/pmc/oa_pdf/0e/e4/bmjoq-2023-002466.PMC10759080.pdf,https://ftp.ncbi.nlm.nih.gov/pub/pmc/deprecated/oa_pdf/0e/e4/bmjoq-2023-002466.PMC10759080.pdf,610420b1e0bf7e872a9c95ac7bac7e3ba71731e5db35bede32a9be7b1bed4bbb,564349,8,3,CC BY-NC,BMJ Open Qual. 2023 Dec 28; 12(4):e002466
PMC10760501-KHVI_19_2257048.PMC10760501.pdf,pmc_oa,PMC10760501,https://ftp.ncbi.nlm.nih.gov/pub/pmc/oa_pdf/c5/50/KHVI_19_2257048.PMC10760501.pdf,https://ftp.ncbi.nlm.nih.gov/pub/pmc/deprecated/oa_pdf/c5/50/KHVI_19_2257048.PMC10760501.pdf,78d367cf84e8e6c11d438ebced62e4291571e36513aec1a69ebd50ee81e9797a,385108,12,1,CC BY-NC,Hum Vaccin Immunother.; 19(2):2257048
PMC10758219-medscimonit-29-e942649.PMC10758219.pdf,pmc_oa,PMC10758219,https://ftp.ncbi.nlm.nih.gov/pub/pmc/oa_pdf/49/3e/medscimonit-29-e942649.PMC10758219.pdf,https://ftp.ncbi.nlm.nih.gov/pub/pmc/deprecated/oa_pdf/49/3e/medscimonit-29-e942649.PMC10758219.pdf,de8c8c7f2cb9bca58d8f77644e340114046fbe0f312811786580cbbef4f76b19,852745,13,3,CC BY-NC-ND,Med Sci Monit. 2023 Dec 27; 29:e942649-1-e942649-13
PMC10758789-main.PMC10758789.pdf,pmc_oa,PMC10758789,https://ftp.ncbi.nlm.nih.gov/pub/pmc/oa_pdf/f9/c6/main.PMC10758789.pdf,https://ftp.ncbi.nlm.nih.gov/pub/pmc/deprecated/oa_pdf/f9/c6/main.PMC10758789.pdf,464e45ad9101c651a5d3523489d2f38d3c4e811c0bc266e2b060a4d2f326db7f,1740322,8,4,CC BY-NC-ND,Heliyon. 2023 Dec 2; 10(1):e23208
PMC10758873-main.PMC10758873.pdf,pmc_oa,PMC10758873,https://ftp.ncbi.nlm.nih.gov/pub/pmc/oa_pdf/79/25/main.PMC10758873.pdf,https://ftp.ncbi.nlm.nih.gov/pub/pmc/deprecated/oa_pdf/79/25/main.PMC10758873.pdf,c478a786fcb1fa96991155e6abde88958ab94c963167aae955cdc47eeec6529b,7725532,12,5,CC BY-NC-ND,Heliyon. 2023 Dec 10; 10(1):e23527
PMC10758254-rmhp-16-2931.PMC10758254.pdf,pmc_oa,PMC10758254,https://ftp.ncbi.nlm.nih.gov/pub/pmc/oa_pdf/d9/42/rmhp-16-2931.PMC10758254.pdf,https://ftp.ncbi.nlm.nih.gov/pub/pmc/deprecated/oa_pdf/d9/42/rmhp-16-2931.PMC10758254.pdf,92fd763daac63db6c7c4fb03e5b85ad92febd00bbd6bbfc456e2cd49315542fa,2116460,12,6,CC BY-NC,Risk Manag Healthc Policy. 2023 Dec 28; 16:2931-2942
PMC10759055-gpsych-2023-101153.PMC10759055.pdf,pmc_oa,PMC10759055,https://ftp.ncbi.nlm.nih.gov/pub/pmc/oa_pdf/50/00/gpsych-2023-101153.PMC10759055.pdf,https://ftp.ncbi.nlm.nih.gov/pub/pmc/deprecated/oa_pdf/50/00/gpsych-2023-101153.PMC10759055.pdf,e49609dbb78fd5c35c071bdd29d937be6a18f8702a56710a8e742233df0de5d3,2429040,10,5,CC BY-NC,Gen Psychiatr. 2023 Dec 27; 36(6):e101153
PMC10760067-nihpp-2023.12.15.571886v1.PMC10760067.pdf,pmc_oa,PMC10760067,https://ftp.ncbi.nlm.nih.gov/pub/pmc/oa_pdf/dc/e3/nihpp-2023.12.15.571886v1.PMC10760067.pdf,https://ftp.ncbi.nlm.nih.gov/pub/pmc/deprecated/oa_pdf/dc/e3/nihpp-2023.12.15.571886v1.PMC10760067.pdf,02ca7d3dfa55e49795e90a6ab0408a8493079a11d10a9b0acd1ae403dbe27fb0,3033001,29,5,CC BY-NC,bioRxiv. 2023 Dec 15;:2023.12.15.571886
PMC10760150-nihpp-2023.12.17.572071v1.PMC10760150.pdf,pmc_oa,PMC10760150,https://ftp.ncbi.nlm.nih.gov/pub/pmc/oa_pdf/5b/0a/nihpp-2023.12.17.572071v1.PMC10760150.pdf,https://ftp.ncbi.nlm.nih.gov/pub/pmc/deprecated/oa_pdf/5b/0a/nihpp-2023.12.17.572071v1.PMC10760150.pdf,caf711f965d8369bef425ccf1c98f4f164327a5cb6766f35e0938c2a095f0f03,9749959,19,22,CC BY-NC-ND,bioRxiv. 2023 Dec 17;:2023.12.17.572071
PMC10758179-prbm-16-5255.PMC10758179.pdf,pmc_oa,PMC10758179,https://ftp.ncbi.nlm.nih.gov/pub/pmc/oa_pdf/8b/13/prbm-16-5255.PMC10758179.pdf,https://ftp.ncbi.nlm.nih.gov/pub/pmc/deprecated/oa_pdf/8b/13/prbm-16-5255.PMC10758179.pdf,aa357eb97fcb72262e4d6db8b634c9fbb4f8f07223081a448720fee2450a6142,4654686,16,8,CC BY-NC,Psychol Res Behav Manag. 2023 Dec 28; 16:5255-5270
